REGION,FUEL,YEAR,VALUE
RE1,AGRDSL,2019,0.0
RE1,AGRDSL,2020,0.0
RE1,AGRDSL,2021,0.0
RE1,AGRDSL,2022,0.0
RE1,AGRDSL,2023,0.0
RE1,AGRDSL,2024,0.0
RE1,AGRDSL,2025,0.0
RE1,AGRDSL,2026,0.0
RE1,AGRDSL,2027,0.0
RE1,AGRDSL,2028,0.0
RE1,AGRDSL,2029,0.0
RE1,AGRDSL,2030,0.0
RE1,AGRDSL,2031,0.0
RE1,AGRDSL,2032,0.0
RE1,AGRDSL,2033,0.0
RE1,AGRDSL,2034,0.0
RE1,AGRDSL,2035,0.0
RE1,AGRDSL,2036,0.0
RE1,AGRDSL,2037,0.0
RE1,AGRDSL,2038,0.0
RE1,AGRDSL,2039,0.0
RE1,AGRDSL,2040,0.0
RE1,AGRDSL,2041,0.0
RE1,AGRDSL,2042,0.0
RE1,AGRDSL,2043,0.0
RE1,AGRDSL,2044,0.0
RE1,AGRDSL,2045,0.0
RE1,AGRDSL,2046,0.0
RE1,AGRDSL,2047,0.0
RE1,AGRDSL,2048,0.0
RE1,AGRDSL,2049,0.0
RE1,AGRDSL,2050,0.0
RE1,AGRGSL,2019,0.0
RE1,AGRGSL,2020,0.0
RE1,AGRGSL,2021,0.0
RE1,AGRGSL,2022,0.0
RE1,AGRGSL,2023,0.0
RE1,AGRGSL,2024,0.0
RE1,AGRGSL,2025,0.0
RE1,AGRGSL,2026,0.0
RE1,AGRGSL,2027,0.0
RE1,AGRGSL,2028,0.0
RE1,AGRGSL,2029,0.0
RE1,AGRGSL,2030,0.0
RE1,AGRGSL,2031,0.0
RE1,AGRGSL,2032,0.0
RE1,AGRGSL,2033,0.0
RE1,AGRGSL,2034,0.0
RE1,AGRGSL,2035,0.0
RE1,AGRGSL,2036,0.0
RE1,AGRGSL,2037,0.0
RE1,AGRGSL,2038,0.0
RE1,AGRGSL,2039,0.0
RE1,AGRGSL,2040,0.0
RE1,AGRGSL,2041,0.0
RE1,AGRGSL,2042,0.0
RE1,AGRGSL,2043,0.0
RE1,AGRGSL,2044,0.0
RE1,AGRGSL,2045,0.0
RE1,AGRGSL,2046,0.0
RE1,AGRGSL,2047,0.0
RE1,AGRGSL,2048,0.0
RE1,AGRGSL,2049,0.0
RE1,AGRGSL,2050,0.0
RE1,AGRHFO,2019,0.0
RE1,AGRHFO,2020,0.0
RE1,AGRHFO,2021,0.0
RE1,AGRHFO,2022,0.0
RE1,AGRHFO,2023,0.0
RE1,AGRHFO,2024,0.0
RE1,AGRHFO,2025,0.0
RE1,AGRHFO,2026,0.0
RE1,AGRHFO,2027,0.0
RE1,AGRHFO,2028,0.0
RE1,AGRHFO,2029,0.0
RE1,AGRHFO,2030,0.0
RE1,AGRHFO,2031,0.0
RE1,AGRHFO,2032,0.0
RE1,AGRHFO,2033,0.0
RE1,AGRHFO,2034,0.0
RE1,AGRHFO,2035,0.0
RE1,AGRHFO,2036,0.0
RE1,AGRHFO,2037,0.0
RE1,AGRHFO,2038,0.0
RE1,AGRHFO,2039,0.0
RE1,AGRHFO,2040,0.0
RE1,AGRHFO,2041,0.0
RE1,AGRHFO,2042,0.0
RE1,AGRHFO,2043,0.0
RE1,AGRHFO,2044,0.0
RE1,AGRHFO,2045,0.0
RE1,AGRHFO,2046,0.0
RE1,AGRHFO,2047,0.0
RE1,AGRHFO,2048,0.0
RE1,AGRHFO,2049,0.0
RE1,AGRHFO,2050,0.0
RE1,BGS,2019,0.0
RE1,BGS,2020,0.0
RE1,BGS,2021,0.0
RE1,BGS,2022,0.0
RE1,BGS,2023,0.0
RE1,BGS,2024,0.0
RE1,BGS,2025,0.0
RE1,BGS,2026,0.0
RE1,BGS,2027,0.0
RE1,BGS,2028,0.0
RE1,BGS,2029,0.0
RE1,BGS,2030,0.0
RE1,BGS,2031,0.0
RE1,BGS,2032,0.0
RE1,BGS,2033,0.0
RE1,BGS,2034,0.0
RE1,BGS,2035,0.0
RE1,BGS,2036,0.0
RE1,BGS,2037,0.0
RE1,BGS,2038,0.0
RE1,BGS,2039,0.0
RE1,BGS,2040,0.0
RE1,BGS,2041,0.0
RE1,BGS,2042,0.0
RE1,BGS,2043,0.0
RE1,BGS,2044,0.0
RE1,BGS,2045,0.0
RE1,BGS,2046,0.0
RE1,BGS,2047,0.0
RE1,BGS,2048,0.0
RE1,BGS,2049,0.0
RE1,BGS,2050,0.0
RE1,BIO,2019,0.0
RE1,BIO,2020,0.0
RE1,BIO,2021,0.0
RE1,BIO,2022,0.0
RE1,BIO,2023,0.0
RE1,BIO,2024,0.0
RE1,BIO,2025,0.0
RE1,BIO,2026,0.0
RE1,BIO,2027,0.0
RE1,BIO,2028,0.0
RE1,BIO,2029,0.0
RE1,BIO,2030,0.0
RE1,BIO,2031,0.0
RE1,BIO,2032,0.0
RE1,BIO,2033,0.0
RE1,BIO,2034,0.0
RE1,BIO,2035,0.0
RE1,BIO,2036,0.0
RE1,BIO,2037,0.0
RE1,BIO,2038,0.0
RE1,BIO,2039,0.0
RE1,BIO,2040,0.0
RE1,BIO,2041,0.0
RE1,BIO,2042,0.0
RE1,BIO,2043,0.0
RE1,BIO,2044,0.0
RE1,BIO,2045,0.0
RE1,BIO,2046,0.0
RE1,BIO,2047,0.0
RE1,BIO,2048,0.0
RE1,BIO,2049,0.0
RE1,BIO,2050,0.0
RE1,CHC,2019,0.0
RE1,CHC,2020,0.0
RE1,CHC,2021,0.0
RE1,CHC,2022,0.0
RE1,CHC,2023,0.0
RE1,CHC,2024,0.0
RE1,CHC,2025,0.0
RE1,CHC,2026,0.0
RE1,CHC,2027,0.0
RE1,CHC,2028,0.0
RE1,CHC,2029,0.0
RE1,CHC,2030,0.0
RE1,CHC,2031,0.0
RE1,CHC,2032,0.0
RE1,CHC,2033,0.0
RE1,CHC,2034,0.0
RE1,CHC,2035,0.0
RE1,CHC,2036,0.0
RE1,CHC,2037,0.0
RE1,CHC,2038,0.0
RE1,CHC,2039,0.0
RE1,CHC,2040,0.0
RE1,CHC,2041,0.0
RE1,CHC,2042,0.0
RE1,CHC,2043,0.0
RE1,CHC,2044,0.0
RE1,CHC,2045,0.0
RE1,CHC,2046,0.0
RE1,CHC,2047,0.0
RE1,CHC,2048,0.0
RE1,CHC,2049,0.0
RE1,CHC,2050,0.0
RE1,COA,2019,0.0
RE1,COA,2020,0.0
RE1,COA,2021,0.0
RE1,COA,2022,0.0
RE1,COA,2023,0.0
RE1,COA,2024,0.0
RE1,COA,2025,0.0
RE1,COA,2026,0.0
RE1,COA,2027,0.0
RE1,COA,2028,0.0
RE1,COA,2029,0.0
RE1,COA,2030,0.0
RE1,COA,2031,0.0
RE1,COA,2032,0.0
RE1,COA,2033,0.0
RE1,COA,2034,0.0
RE1,COA,2035,0.0
RE1,COA,2036,0.0
RE1,COA,2037,0.0
RE1,COA,2038,0.0
RE1,COA,2039,0.0
RE1,COA,2040,0.0
RE1,COA,2041,0.0
RE1,COA,2042,0.0
RE1,COA,2043,0.0
RE1,COA,2044,0.0
RE1,COA,2045,0.0
RE1,COA,2046,0.0
RE1,COA,2047,0.0
RE1,COA,2048,0.0
RE1,COA,2049,0.0
RE1,COA,2050,0.0
RE1,DEMCCO,2019,4.89
RE1,DEMCCO,2020,4.84
RE1,DEMCCO,2021,5.19
RE1,DEMCCO,2022,5.54
RE1,DEMCCO,2023,5.89
RE1,DEMCCO,2024,6.24
RE1,DEMCCO,2025,6.6
RE1,DEMCCO,2026,7.04
RE1,DEMCCO,2027,7.49
RE1,DEMCCO,2028,7.94
RE1,DEMCCO,2029,8.39
RE1,DEMCCO,2030,8.84
RE1,DEMCCO,2031,9.39
RE1,DEMCCO,2032,9.95
RE1,DEMCCO,2033,10.51
RE1,DEMCCO,2034,11.08
RE1,DEMCCO,2035,11.65
RE1,DEMCCO,2036,12.33
RE1,DEMCCO,2037,13.02
RE1,DEMCCO,2038,13.71
RE1,DEMCCO,2039,14.41
RE1,DEMCCO,2040,15.11
RE1,DEMCCO,2041,15.94
RE1,DEMCCO,2042,16.77
RE1,DEMCCO,2043,17.61
RE1,DEMCCO,2044,18.46
RE1,DEMCCO,2045,19.31
RE1,DEMCCO,2046,20.3
RE1,DEMCCO,2047,21.3
RE1,DEMCCO,2048,22.3
RE1,DEMCCO,2049,23.32
RE1,DEMCCO,2050,24.33
RE1,DEMICM,2019,0.0
RE1,DEMICM,2020,0.0
RE1,DEMICM,2021,0.0
RE1,DEMICM,2022,0.0
RE1,DEMICM,2023,0.0
RE1,DEMICM,2024,0.0
RE1,DEMICM,2025,0.0
RE1,DEMICM,2026,0.0
RE1,DEMICM,2027,0.0
RE1,DEMICM,2028,0.0
RE1,DEMICM,2029,0.0
RE1,DEMICM,2030,0.0
RE1,DEMICM,2031,0.0
RE1,DEMICM,2032,0.0
RE1,DEMICM,2033,0.0
RE1,DEMICM,2034,0.0
RE1,DEMICM,2035,0.0
RE1,DEMICM,2036,0.0
RE1,DEMICM,2037,0.0
RE1,DEMICM,2038,0.0
RE1,DEMICM,2039,0.0
RE1,DEMICM,2040,0.0
RE1,DEMICM,2041,0.0
RE1,DEMICM,2042,0.0
RE1,DEMICM,2043,0.0
RE1,DEMICM,2044,0.0
RE1,DEMICM,2045,0.0
RE1,DEMICM,2046,0.0
RE1,DEMICM,2047,0.0
RE1,DEMICM,2048,0.0
RE1,DEMICM,2049,0.0
RE1,DEMICM,2050,0.0
RE1,DEMIFP,2019,0.0
RE1,DEMIFP,2020,0.0
RE1,DEMIFP,2021,0.0
RE1,DEMIFP,2022,0.0
RE1,DEMIFP,2023,0.0
RE1,DEMIFP,2024,0.0
RE1,DEMIFP,2025,0.0
RE1,DEMIFP,2026,0.0
RE1,DEMIFP,2027,0.0
RE1,DEMIFP,2028,0.0
RE1,DEMIFP,2029,0.0
RE1,DEMIFP,2030,0.0
RE1,DEMIFP,2031,0.0
RE1,DEMIFP,2032,0.0
RE1,DEMIFP,2033,0.0
RE1,DEMIFP,2034,0.0
RE1,DEMIFP,2035,0.0
RE1,DEMIFP,2036,0.0
RE1,DEMIFP,2037,0.0
RE1,DEMIFP,2038,0.0
RE1,DEMIFP,2039,0.0
RE1,DEMIFP,2040,0.0
RE1,DEMIFP,2041,0.0
RE1,DEMIFP,2042,0.0
RE1,DEMIFP,2043,0.0
RE1,DEMIFP,2044,0.0
RE1,DEMIFP,2045,0.0
RE1,DEMIFP,2046,0.0
RE1,DEMIFP,2047,0.0
RE1,DEMIFP,2048,0.0
RE1,DEMIFP,2049,0.0
RE1,DEMIFP,2050,0.0
RE1,DEMIOI,2019,0.0
RE1,DEMIOI,2020,0.0
RE1,DEMIOI,2021,0.0
RE1,DEMIOI,2022,0.0
RE1,DEMIOI,2023,0.0
RE1,DEMIOI,2024,0.0
RE1,DEMIOI,2025,0.0
RE1,DEMIOI,2026,0.0
RE1,DEMIOI,2027,0.0
RE1,DEMIOI,2028,0.0
RE1,DEMIOI,2029,0.0
RE1,DEMIOI,2030,0.0
RE1,DEMIOI,2031,0.0
RE1,DEMIOI,2032,0.0
RE1,DEMIOI,2033,0.0
RE1,DEMIOI,2034,0.0
RE1,DEMIOI,2035,0.0
RE1,DEMIOI,2036,0.0
RE1,DEMIOI,2037,0.0
RE1,DEMIOI,2038,0.0
RE1,DEMIOI,2039,0.0
RE1,DEMIOI,2040,0.0
RE1,DEMIOI,2041,0.0
RE1,DEMIOI,2042,0.0
RE1,DEMIOI,2043,0.0
RE1,DEMIOI,2044,0.0
RE1,DEMIOI,2045,0.0
RE1,DEMIOI,2046,0.0
RE1,DEMIOI,2047,0.0
RE1,DEMIOI,2048,0.0
RE1,DEMIOI,2049,0.0
RE1,DEMIOI,2050,0.0
RE1,DEMRC1,2019,0.88
RE1,DEMRC1,2020,0.92
RE1,DEMRC1,2021,0.97
RE1,DEMRC1,2022,1.02
RE1,DEMRC1,2023,1.07
RE1,DEMRC1,2024,1.13
RE1,DEMRC1,2025,1.18
RE1,DEMRC1,2026,1.24
RE1,DEMRC1,2027,1.31
RE1,DEMRC1,2028,1.37
RE1,DEMRC1,2029,1.44
RE1,DEMRC1,2030,1.51
RE1,DEMRC1,2031,1.58
RE1,DEMRC1,2032,1.66
RE1,DEMRC1,2033,1.74
RE1,DEMRC1,2034,1.82
RE1,DEMRC1,2035,1.9
RE1,DEMRC1,2036,1.99
RE1,DEMRC1,2037,2.08
RE1,DEMRC1,2038,2.17
RE1,DEMRC1,2039,2.26
RE1,DEMRC1,2040,2.36
RE1,DEMRC1,2041,2.46
RE1,DEMRC1,2042,2.56
RE1,DEMRC1,2043,2.67
RE1,DEMRC1,2044,2.77
RE1,DEMRC1,2045,2.88
RE1,DEMRC1,2046,3.0
RE1,DEMRC1,2047,3.11
RE1,DEMRC1,2048,3.23
RE1,DEMRC1,2049,3.35
RE1,DEMRC1,2050,3.47
RE1,DEMRC2,2019,0.11
RE1,DEMRC2,2020,0.12
RE1,DEMRC2,2021,0.12
RE1,DEMRC2,2022,0.13
RE1,DEMRC2,2023,0.14
RE1,DEMRC2,2024,0.15
RE1,DEMRC2,2025,0.15
RE1,DEMRC2,2026,0.16
RE1,DEMRC2,2027,0.17
RE1,DEMRC2,2028,0.18
RE1,DEMRC2,2029,0.19
RE1,DEMRC2,2030,0.19
RE1,DEMRC2,2031,0.2
RE1,DEMRC2,2032,0.21
RE1,DEMRC2,2033,0.22
RE1,DEMRC2,2034,0.23
RE1,DEMRC2,2035,0.24
RE1,DEMRC2,2036,0.25
RE1,DEMRC2,2037,0.25
RE1,DEMRC2,2038,0.26
RE1,DEMRC2,2039,0.27
RE1,DEMRC2,2040,0.28
RE1,DEMRC2,2041,0.29
RE1,DEMRC2,2042,0.3
RE1,DEMRC2,2043,0.3
RE1,DEMRC2,2044,0.31
RE1,DEMRC2,2045,0.32
RE1,DEMRC2,2046,0.33
RE1,DEMRC2,2047,0.34
RE1,DEMRC2,2048,0.34
RE1,DEMRC2,2049,0.35
RE1,DEMRC2,2050,0.36
RE1,DEMRL1,2019,4.54
RE1,DEMRL1,2020,4.76
RE1,DEMRL1,2021,5.01
RE1,DEMRL1,2022,5.27
RE1,DEMRL1,2023,5.54
RE1,DEMRL1,2024,5.81
RE1,DEMRL1,2025,6.1
RE1,DEMRL1,2026,6.41
RE1,DEMRL1,2027,6.74
RE1,DEMRL1,2028,7.07
RE1,DEMRL1,2029,7.42
RE1,DEMRL1,2030,7.77
RE1,DEMRL1,2031,8.16
RE1,DEMRL1,2032,8.55
RE1,DEMRL1,2033,8.96
RE1,DEMRL1,2034,9.38
RE1,DEMRL1,2035,9.81
RE1,DEMRL1,2036,10.25
RE1,DEMRL1,2037,10.71
RE1,DEMRL1,2038,11.19
RE1,DEMRL1,2039,11.68
RE1,DEMRL1,2040,12.18
RE1,DEMRL1,2041,12.69
RE1,DEMRL1,2042,13.21
RE1,DEMRL1,2043,13.75
RE1,DEMRL1,2044,14.31
RE1,DEMRL1,2045,14.87
RE1,DEMRL1,2046,15.45
RE1,DEMRL1,2047,16.04
RE1,DEMRL1,2048,16.64
RE1,DEMRL1,2049,17.26
RE1,DEMRL1,2050,17.89
RE1,DEMRL2,2019,1.41
RE1,DEMRL2,2020,1.5
RE1,DEMRL2,2021,1.59
RE1,DEMRL2,2022,1.68
RE1,DEMRL2,2023,1.78
RE1,DEMRL2,2024,1.88
RE1,DEMRL2,2025,1.97
RE1,DEMRL2,2026,2.08
RE1,DEMRL2,2027,2.18
RE1,DEMRL2,2028,2.28
RE1,DEMRL2,2029,2.39
RE1,DEMRL2,2030,2.5
RE1,DEMRL2,2031,2.6
RE1,DEMRL2,2032,2.71
RE1,DEMRL2,2033,2.82
RE1,DEMRL2,2034,2.93
RE1,DEMRL2,2035,3.04
RE1,DEMRL2,2036,3.15
RE1,DEMRL2,2037,3.26
RE1,DEMRL2,2038,3.37
RE1,DEMRL2,2039,3.48
RE1,DEMRL2,2040,3.59
RE1,DEMRL2,2041,3.7
RE1,DEMRL2,2042,3.8
RE1,DEMRL2,2043,3.91
RE1,DEMRL2,2044,4.01
RE1,DEMRL2,2045,4.12
RE1,DEMRL2,2046,4.22
RE1,DEMRL2,2047,4.32
RE1,DEMRL2,2048,4.41
RE1,DEMRL2,2049,4.51
RE1,DEMRL2,2050,4.61
RE1,DEMRO1,2019,3.08
RE1,DEMRO1,2020,3.23
RE1,DEMRO1,2021,3.4
RE1,DEMRO1,2022,3.58
RE1,DEMRO1,2023,3.76
RE1,DEMRO1,2024,3.94
RE1,DEMRO1,2025,4.14
RE1,DEMRO1,2026,4.35
RE1,DEMRO1,2027,4.57
RE1,DEMRO1,2028,4.8
RE1,DEMRO1,2029,5.03
RE1,DEMRO1,2030,5.28
RE1,DEMRO1,2031,5.53
RE1,DEMRO1,2032,5.8
RE1,DEMRO1,2033,6.08
RE1,DEMRO1,2034,6.36
RE1,DEMRO1,2035,6.66
RE1,DEMRO1,2036,6.96
RE1,DEMRO1,2037,7.27
RE1,DEMRO1,2038,7.59
RE1,DEMRO1,2039,7.92
RE1,DEMRO1,2040,8.26
RE1,DEMRO1,2041,8.61
RE1,DEMRO1,2042,8.97
RE1,DEMRO1,2043,9.33
RE1,DEMRO1,2044,9.71
RE1,DEMRO1,2045,10.09
RE1,DEMRO1,2046,10.48
RE1,DEMRO1,2047,10.88
RE1,DEMRO1,2048,11.29
RE1,DEMRO1,2049,11.71
RE1,DEMRO1,2050,12.14
RE1,DEMRO2,2019,0.99
RE1,DEMRO2,2020,1.05
RE1,DEMRO2,2021,1.12
RE1,DEMRO2,2022,1.18
RE1,DEMRO2,2023,1.25
RE1,DEMRO2,2024,1.32
RE1,DEMRO2,2025,1.39
RE1,DEMRO2,2026,1.46
RE1,DEMRO2,2027,1.53
RE1,DEMRO2,2028,1.6
RE1,DEMRO2,2029,1.68
RE1,DEMRO2,2030,1.75
RE1,DEMRO2,2031,1.83
RE1,DEMRO2,2032,1.9
RE1,DEMRO2,2033,1.98
RE1,DEMRO2,2034,2.06
RE1,DEMRO2,2035,2.14
RE1,DEMRO2,2036,2.21
RE1,DEMRO2,2037,2.29
RE1,DEMRO2,2038,2.37
RE1,DEMRO2,2039,2.44
RE1,DEMRO2,2040,2.52
RE1,DEMRO2,2041,2.6
RE1,DEMRO2,2042,2.67
RE1,DEMRO2,2043,2.74
RE1,DEMRO2,2044,2.82
RE1,DEMRO2,2045,2.89
RE1,DEMRO2,2046,2.96
RE1,DEMRO2,2047,3.03
RE1,DEMRO2,2048,3.1
RE1,DEMRO2,2049,3.17
RE1,DEMRO2,2050,3.23
RE1,DEMTAI,2019,0.0
RE1,DEMTAI,2020,0.0
RE1,DEMTAI,2021,0.0
RE1,DEMTAI,2022,0.0
RE1,DEMTAI,2023,0.0
RE1,DEMTAI,2024,0.0
RE1,DEMTAI,2025,0.0
RE1,DEMTAI,2026,0.0
RE1,DEMTAI,2027,0.0
RE1,DEMTAI,2028,0.0
RE1,DEMTAI,2029,0.0
RE1,DEMTAI,2030,0.0
RE1,DEMTAI,2031,0.0
RE1,DEMTAI,2032,0.0
RE1,DEMTAI,2033,0.0
RE1,DEMTAI,2034,0.0
RE1,DEMTAI,2035,0.0
RE1,DEMTAI,2036,0.0
RE1,DEMTAI,2037,0.0
RE1,DEMTAI,2038,0.0
RE1,DEMTAI,2039,0.0
RE1,DEMTAI,2040,0.0
RE1,DEMTAI,2041,0.0
RE1,DEMTAI,2042,0.0
RE1,DEMTAI,2043,0.0
RE1,DEMTAI,2044,0.0
RE1,DEMTAI,2045,0.0
RE1,DEMTAI,2046,0.0
RE1,DEMTAI,2047,0.0
RE1,DEMTAI,2048,0.0
RE1,DEMTAI,2049,0.0
RE1,DEMTAI,2050,0.0
RE1,DEMTRB,2019,0.0
RE1,DEMTRB,2020,0.0
RE1,DEMTRB,2021,0.0
RE1,DEMTRB,2022,0.0
RE1,DEMTRB,2023,0.0
RE1,DEMTRB,2024,0.0
RE1,DEMTRB,2025,0.0
RE1,DEMTRB,2026,0.0
RE1,DEMTRB,2027,0.0
RE1,DEMTRB,2028,0.0
RE1,DEMTRB,2029,0.0
RE1,DEMTRB,2030,0.0
RE1,DEMTRB,2031,0.0
RE1,DEMTRB,2032,0.0
RE1,DEMTRB,2033,0.0
RE1,DEMTRB,2034,0.0
RE1,DEMTRB,2035,0.0
RE1,DEMTRB,2036,0.0
RE1,DEMTRB,2037,0.0
RE1,DEMTRB,2038,0.0
RE1,DEMTRB,2039,0.0
RE1,DEMTRB,2040,0.0
RE1,DEMTRB,2041,0.0
RE1,DEMTRB,2042,0.0
RE1,DEMTRB,2043,0.0
RE1,DEMTRB,2044,0.0
RE1,DEMTRB,2045,0.0
RE1,DEMTRB,2046,0.0
RE1,DEMTRB,2047,0.0
RE1,DEMTRB,2048,0.0
RE1,DEMTRB,2049,0.0
RE1,DEMTRB,2050,0.0
RE1,DEMTRC,2019,0.0
RE1,DEMTRC,2020,0.0
RE1,DEMTRC,2021,0.0
RE1,DEMTRC,2022,0.0
RE1,DEMTRC,2023,0.0
RE1,DEMTRC,2024,0.0
RE1,DEMTRC,2025,0.0
RE1,DEMTRC,2026,0.0
RE1,DEMTRC,2027,0.0
RE1,DEMTRC,2028,0.0
RE1,DEMTRC,2029,0.0
RE1,DEMTRC,2030,0.0
RE1,DEMTRC,2031,0.0
RE1,DEMTRC,2032,0.0
RE1,DEMTRC,2033,0.0
RE1,DEMTRC,2034,0.0
RE1,DEMTRC,2035,0.0
RE1,DEMTRC,2036,0.0
RE1,DEMTRC,2037,0.0
RE1,DEMTRC,2038,0.0
RE1,DEMTRC,2039,0.0
RE1,DEMTRC,2040,0.0
RE1,DEMTRC,2041,0.0
RE1,DEMTRC,2042,0.0
RE1,DEMTRC,2043,0.0
RE1,DEMTRC,2044,0.0
RE1,DEMTRC,2045,0.0
RE1,DEMTRC,2046,0.0
RE1,DEMTRC,2047,0.0
RE1,DEMTRC,2048,0.0
RE1,DEMTRC,2049,0.0
RE1,DEMTRC,2050,0.0
RE1,DEMTRH,2019,0.0
RE1,DEMTRH,2020,0.0
RE1,DEMTRH,2021,0.0
RE1,DEMTRH,2022,0.0
RE1,DEMTRH,2023,0.0
RE1,DEMTRH,2024,0.0
RE1,DEMTRH,2025,0.0
RE1,DEMTRH,2026,0.0
RE1,DEMTRH,2027,0.0
RE1,DEMTRH,2028,0.0
RE1,DEMTRH,2029,0.0
RE1,DEMTRH,2030,0.0
RE1,DEMTRH,2031,0.0
RE1,DEMTRH,2032,0.0
RE1,DEMTRH,2033,0.0
RE1,DEMTRH,2034,0.0
RE1,DEMTRH,2035,0.0
RE1,DEMTRH,2036,0.0
RE1,DEMTRH,2037,0.0
RE1,DEMTRH,2038,0.0
RE1,DEMTRH,2039,0.0
RE1,DEMTRH,2040,0.0
RE1,DEMTRH,2041,0.0
RE1,DEMTRH,2042,0.0
RE1,DEMTRH,2043,0.0
RE1,DEMTRH,2044,0.0
RE1,DEMTRH,2045,0.0
RE1,DEMTRH,2046,0.0
RE1,DEMTRH,2047,0.0
RE1,DEMTRH,2048,0.0
RE1,DEMTRH,2049,0.0
RE1,DEMTRH,2050,0.0
RE1,DEMTRL,2019,0.0
RE1,DEMTRL,2020,0.0
RE1,DEMTRL,2021,0.0
RE1,DEMTRL,2022,0.0
RE1,DEMTRL,2023,0.0
RE1,DEMTRL,2024,0.0
RE1,DEMTRL,2025,0.0
RE1,DEMTRL,2026,0.0
RE1,DEMTRL,2027,0.0
RE1,DEMTRL,2028,0.0
RE1,DEMTRL,2029,0.0
RE1,DEMTRL,2030,0.0
RE1,DEMTRL,2031,0.0
RE1,DEMTRL,2032,0.0
RE1,DEMTRL,2033,0.0
RE1,DEMTRL,2034,0.0
RE1,DEMTRL,2035,0.0
RE1,DEMTRL,2036,0.0
RE1,DEMTRL,2037,0.0
RE1,DEMTRL,2038,0.0
RE1,DEMTRL,2039,0.0
RE1,DEMTRL,2040,0.0
RE1,DEMTRL,2041,0.0
RE1,DEMTRL,2042,0.0
RE1,DEMTRL,2043,0.0
RE1,DEMTRL,2044,0.0
RE1,DEMTRL,2045,0.0
RE1,DEMTRL,2046,0.0
RE1,DEMTRL,2047,0.0
RE1,DEMTRL,2048,0.0
RE1,DEMTRL,2049,0.0
RE1,DEMTRL,2050,0.0
RE1,DEMTRM,2019,0.0
RE1,DEMTRM,2020,0.0
RE1,DEMTRM,2021,0.0
RE1,DEMTRM,2022,0.0
RE1,DEMTRM,2023,0.0
RE1,DEMTRM,2024,0.0
RE1,DEMTRM,2025,0.0
RE1,DEMTRM,2026,0.0
RE1,DEMTRM,2027,0.0
RE1,DEMTRM,2028,0.0
RE1,DEMTRM,2029,0.0
RE1,DEMTRM,2030,0.0
RE1,DEMTRM,2031,0.0
RE1,DEMTRM,2032,0.0
RE1,DEMTRM,2033,0.0
RE1,DEMTRM,2034,0.0
RE1,DEMTRM,2035,0.0
RE1,DEMTRM,2036,0.0
RE1,DEMTRM,2037,0.0
RE1,DEMTRM,2038,0.0
RE1,DEMTRM,2039,0.0
RE1,DEMTRM,2040,0.0
RE1,DEMTRM,2041,0.0
RE1,DEMTRM,2042,0.0
RE1,DEMTRM,2043,0.0
RE1,DEMTRM,2044,0.0
RE1,DEMTRM,2045,0.0
RE1,DEMTRM,2046,0.0
RE1,DEMTRM,2047,0.0
RE1,DEMTRM,2048,0.0
RE1,DEMTRM,2049,0.0
RE1,DEMTRM,2050,0.0
RE1,DEMTWD,2019,0.0
RE1,DEMTWD,2020,0.0
RE1,DEMTWD,2021,0.0
RE1,DEMTWD,2022,0.0
RE1,DEMTWD,2023,0.0
RE1,DEMTWD,2024,0.0
RE1,DEMTWD,2025,0.0
RE1,DEMTWD,2026,0.0
RE1,DEMTWD,2027,0.0
RE1,DEMTWD,2028,0.0
RE1,DEMTWD,2029,0.0
RE1,DEMTWD,2030,0.0
RE1,DEMTWD,2031,0.0
RE1,DEMTWD,2032,0.0
RE1,DEMTWD,2033,0.0
RE1,DEMTWD,2034,0.0
RE1,DEMTWD,2035,0.0
RE1,DEMTWD,2036,0.0
RE1,DEMTWD,2037,0.0
RE1,DEMTWD,2038,0.0
RE1,DEMTWD,2039,0.0
RE1,DEMTWD,2040,0.0
RE1,DEMTWD,2041,0.0
RE1,DEMTWD,2042,0.0
RE1,DEMTWD,2043,0.0
RE1,DEMTWD,2044,0.0
RE1,DEMTWD,2045,0.0
RE1,DEMTWD,2046,0.0
RE1,DEMTWD,2047,0.0
RE1,DEMTWD,2048,0.0
RE1,DEMTWD,2049,0.0
RE1,DEMTWD,2050,0.0
RE1,DSL,2019,0.0
RE1,DSL,2020,0.0
RE1,DSL,2021,0.0
RE1,DSL,2022,0.0
RE1,DSL,2023,0.0
RE1,DSL,2024,0.0
RE1,DSL,2025,0.0
RE1,DSL,2026,0.0
RE1,DSL,2027,0.0
RE1,DSL,2028,0.0
RE1,DSL,2029,0.0
RE1,DSL,2030,0.0
RE1,DSL,2031,0.0
RE1,DSL,2032,0.0
RE1,DSL,2033,0.0
RE1,DSL,2034,0.0
RE1,DSL,2035,0.0
RE1,DSL,2036,0.0
RE1,DSL,2037,0.0
RE1,DSL,2038,0.0
RE1,DSL,2039,0.0
RE1,DSL,2040,0.0
RE1,DSL,2041,0.0
RE1,DSL,2042,0.0
RE1,DSL,2043,0.0
RE1,DSL,2044,0.0
RE1,DSL,2045,0.0
RE1,DSL,2046,0.0
RE1,DSL,2047,0.0
RE1,DSL,2048,0.0
RE1,DSL,2049,0.0
RE1,DSL,2050,0.0
RE1,ELC001,2019,0.0
RE1,ELC001,2020,0.0
RE1,ELC001,2021,0.0
RE1,ELC001,2022,0.0
RE1,ELC001,2023,0.0
RE1,ELC001,2024,0.0
RE1,ELC001,2025,0.0
RE1,ELC001,2026,0.0
RE1,ELC001,2027,0.0
RE1,ELC001,2028,0.0
RE1,ELC001,2029,0.0
RE1,ELC001,2030,0.0
RE1,ELC001,2031,0.0
RE1,ELC001,2032,0.0
RE1,ELC001,2033,0.0
RE1,ELC001,2034,0.0
RE1,ELC001,2035,0.0
RE1,ELC001,2036,0.0
RE1,ELC001,2037,0.0
RE1,ELC001,2038,0.0
RE1,ELC001,2039,0.0
RE1,ELC001,2040,0.0
RE1,ELC001,2041,0.0
RE1,ELC001,2042,0.0
RE1,ELC001,2043,0.0
RE1,ELC001,2044,0.0
RE1,ELC001,2045,0.0
RE1,ELC001,2046,0.0
RE1,ELC001,2047,0.0
RE1,ELC001,2048,0.0
RE1,ELC001,2049,0.0
RE1,ELC001,2050,0.0
RE1,ELC002,2019,0.0
RE1,ELC002,2020,0.0
RE1,ELC002,2021,0.0
RE1,ELC002,2022,0.0
RE1,ELC002,2023,0.0
RE1,ELC002,2024,0.0
RE1,ELC002,2025,0.0
RE1,ELC002,2026,0.0
RE1,ELC002,2027,0.0
RE1,ELC002,2028,0.0
RE1,ELC002,2029,0.0
RE1,ELC002,2030,0.0
RE1,ELC002,2031,0.0
RE1,ELC002,2032,0.0
RE1,ELC002,2033,0.0
RE1,ELC002,2034,0.0
RE1,ELC002,2035,0.0
RE1,ELC002,2036,0.0
RE1,ELC002,2037,0.0
RE1,ELC002,2038,0.0
RE1,ELC002,2039,0.0
RE1,ELC002,2040,0.0
RE1,ELC002,2041,0.0
RE1,ELC002,2042,0.0
RE1,ELC002,2043,0.0
RE1,ELC002,2044,0.0
RE1,ELC002,2045,0.0
RE1,ELC002,2046,0.0
RE1,ELC002,2047,0.0
RE1,ELC002,2048,0.0
RE1,ELC002,2049,0.0
RE1,ELC002,2050,0.0
RE1,ELC003,2019,0.0
RE1,ELC003,2020,0.0
RE1,ELC003,2021,0.0
RE1,ELC003,2022,0.0
RE1,ELC003,2023,0.0
RE1,ELC003,2024,0.0
RE1,ELC003,2025,0.0
RE1,ELC003,2026,0.0
RE1,ELC003,2027,0.0
RE1,ELC003,2028,0.0
RE1,ELC003,2029,0.0
RE1,ELC003,2030,0.0
RE1,ELC003,2031,0.0
RE1,ELC003,2032,0.0
RE1,ELC003,2033,0.0
RE1,ELC003,2034,0.0
RE1,ELC003,2035,0.0
RE1,ELC003,2036,0.0
RE1,ELC003,2037,0.0
RE1,ELC003,2038,0.0
RE1,ELC003,2039,0.0
RE1,ELC003,2040,0.0
RE1,ELC003,2041,0.0
RE1,ELC003,2042,0.0
RE1,ELC003,2043,0.0
RE1,ELC003,2044,0.0
RE1,ELC003,2045,0.0
RE1,ELC003,2046,0.0
RE1,ELC003,2047,0.0
RE1,ELC003,2048,0.0
RE1,ELC003,2049,0.0
RE1,ELC003,2050,0.0
RE1,ETH,2019,0.0
RE1,ETH,2020,0.0
RE1,ETH,2021,0.0
RE1,ETH,2022,0.0
RE1,ETH,2023,0.0
RE1,ETH,2024,0.0
RE1,ETH,2025,0.0
RE1,ETH,2026,0.0
RE1,ETH,2027,0.0
RE1,ETH,2028,0.0
RE1,ETH,2029,0.0
RE1,ETH,2030,0.0
RE1,ETH,2031,0.0
RE1,ETH,2032,0.0
RE1,ETH,2033,0.0
RE1,ETH,2034,0.0
RE1,ETH,2035,0.0
RE1,ETH,2036,0.0
RE1,ETH,2037,0.0
RE1,ETH,2038,0.0
RE1,ETH,2039,0.0
RE1,ETH,2040,0.0
RE1,ETH,2041,0.0
RE1,ETH,2042,0.0
RE1,ETH,2043,0.0
RE1,ETH,2044,0.0
RE1,ETH,2045,0.0
RE1,ETH,2046,0.0
RE1,ETH,2047,0.0
RE1,ETH,2048,0.0
RE1,ETH,2049,0.0
RE1,ETH,2050,0.0
RE1,GEO,2019,0.0
RE1,GEO,2020,0.0
RE1,GEO,2021,0.0
RE1,GEO,2022,0.0
RE1,GEO,2023,0.0
RE1,GEO,2024,0.0
RE1,GEO,2025,0.0
RE1,GEO,2026,0.0
RE1,GEO,2027,0.0
RE1,GEO,2028,0.0
RE1,GEO,2029,0.0
RE1,GEO,2030,0.0
RE1,GEO,2031,0.0
RE1,GEO,2032,0.0
RE1,GEO,2033,0.0
RE1,GEO,2034,0.0
RE1,GEO,2035,0.0
RE1,GEO,2036,0.0
RE1,GEO,2037,0.0
RE1,GEO,2038,0.0
RE1,GEO,2039,0.0
RE1,GEO,2040,0.0
RE1,GEO,2041,0.0
RE1,GEO,2042,0.0
RE1,GEO,2043,0.0
RE1,GEO,2044,0.0
RE1,GEO,2045,0.0
RE1,GEO,2046,0.0
RE1,GEO,2047,0.0
RE1,GEO,2048,0.0
RE1,GEO,2049,0.0
RE1,GEO,2050,0.0
RE1,GSL,2019,0.0
RE1,GSL,2020,0.0
RE1,GSL,2021,0.0
RE1,GSL,2022,0.0
RE1,GSL,2023,0.0
RE1,GSL,2024,0.0
RE1,GSL,2025,0.0
RE1,GSL,2026,0.0
RE1,GSL,2027,0.0
RE1,GSL,2028,0.0
RE1,GSL,2029,0.0
RE1,GSL,2030,0.0
RE1,GSL,2031,0.0
RE1,GSL,2032,0.0
RE1,GSL,2033,0.0
RE1,GSL,2034,0.0
RE1,GSL,2035,0.0
RE1,GSL,2036,0.0
RE1,GSL,2037,0.0
RE1,GSL,2038,0.0
RE1,GSL,2039,0.0
RE1,GSL,2040,0.0
RE1,GSL,2041,0.0
RE1,GSL,2042,0.0
RE1,GSL,2043,0.0
RE1,GSL,2044,0.0
RE1,GSL,2045,0.0
RE1,GSL,2046,0.0
RE1,GSL,2047,0.0
RE1,GSL,2048,0.0
RE1,GSL,2049,0.0
RE1,GSL,2050,0.0
RE1,HFOMOM,2019,0.0
RE1,HFOMOM,2020,0.0
RE1,HFOMOM,2021,0.0
RE1,HFOMOM,2022,0.0
RE1,HFOMOM,2023,0.0
RE1,HFOMOM,2024,0.0
RE1,HFOMOM,2025,0.0
RE1,HFOMOM,2026,0.0
RE1,HFOMOM,2027,0.0
RE1,HFOMOM,2028,0.0
RE1,HFOMOM,2029,0.0
RE1,HFOMOM,2030,0.0
RE1,HFOMOM,2031,0.0
RE1,HFOMOM,2032,0.0
RE1,HFOMOM,2033,0.0
RE1,HFOMOM,2034,0.0
RE1,HFOMOM,2035,0.0
RE1,HFOMOM,2036,0.0
RE1,HFOMOM,2037,0.0
RE1,HFOMOM,2038,0.0
RE1,HFOMOM,2039,0.0
RE1,HFOMOM,2040,0.0
RE1,HFOMOM,2041,0.0
RE1,HFOMOM,2042,0.0
RE1,HFOMOM,2043,0.0
RE1,HFOMOM,2044,0.0
RE1,HFOMOM,2045,0.0
RE1,HFOMOM,2046,0.0
RE1,HFOMOM,2047,0.0
RE1,HFOMOM,2048,0.0
RE1,HFOMOM,2049,0.0
RE1,HFOMOM,2050,0.0
RE1,HFONAI,2019,0.0
RE1,HFONAI,2020,0.0
RE1,HFONAI,2021,0.0
RE1,HFONAI,2022,0.0
RE1,HFONAI,2023,0.0
RE1,HFONAI,2024,0.0
RE1,HFONAI,2025,0.0
RE1,HFONAI,2026,0.0
RE1,HFONAI,2027,0.0
RE1,HFONAI,2028,0.0
RE1,HFONAI,2029,0.0
RE1,HFONAI,2030,0.0
RE1,HFONAI,2031,0.0
RE1,HFONAI,2032,0.0
RE1,HFONAI,2033,0.0
RE1,HFONAI,2034,0.0
RE1,HFONAI,2035,0.0
RE1,HFONAI,2036,0.0
RE1,HFONAI,2037,0.0
RE1,HFONAI,2038,0.0
RE1,HFONAI,2039,0.0
RE1,HFONAI,2040,0.0
RE1,HFONAI,2041,0.0
RE1,HFONAI,2042,0.0
RE1,HFONAI,2043,0.0
RE1,HFONAI,2044,0.0
RE1,HFONAI,2045,0.0
RE1,HFONAI,2046,0.0
RE1,HFONAI,2047,0.0
RE1,HFONAI,2048,0.0
RE1,HFONAI,2049,0.0
RE1,HFONAI,2050,0.0
RE1,HYD,2019,0.0
RE1,HYD,2020,0.0
RE1,HYD,2021,0.0
RE1,HYD,2022,0.0
RE1,HYD,2023,0.0
RE1,HYD,2024,0.0
RE1,HYD,2025,0.0
RE1,HYD,2026,0.0
RE1,HYD,2027,0.0
RE1,HYD,2028,0.0
RE1,HYD,2029,0.0
RE1,HYD,2030,0.0
RE1,HYD,2031,0.0
RE1,HYD,2032,0.0
RE1,HYD,2033,0.0
RE1,HYD,2034,0.0
RE1,HYD,2035,0.0
RE1,HYD,2036,0.0
RE1,HYD,2037,0.0
RE1,HYD,2038,0.0
RE1,HYD,2039,0.0
RE1,HYD,2040,0.0
RE1,HYD,2041,0.0
RE1,HYD,2042,0.0
RE1,HYD,2043,0.0
RE1,HYD,2044,0.0
RE1,HYD,2045,0.0
RE1,HYD,2046,0.0
RE1,HYD,2047,0.0
RE1,HYD,2048,0.0
RE1,HYD,2049,0.0
RE1,HYD,2050,0.0
RE1,INDCOA,2019,0.0
RE1,INDCOA,2020,0.0
RE1,INDCOA,2021,0.0
RE1,INDCOA,2022,0.0
RE1,INDCOA,2023,0.0
RE1,INDCOA,2024,0.0
RE1,INDCOA,2025,0.0
RE1,INDCOA,2026,0.0
RE1,INDCOA,2027,0.0
RE1,INDCOA,2028,0.0
RE1,INDCOA,2029,0.0
RE1,INDCOA,2030,0.0
RE1,INDCOA,2031,0.0
RE1,INDCOA,2032,0.0
RE1,INDCOA,2033,0.0
RE1,INDCOA,2034,0.0
RE1,INDCOA,2035,0.0
RE1,INDCOA,2036,0.0
RE1,INDCOA,2037,0.0
RE1,INDCOA,2038,0.0
RE1,INDCOA,2039,0.0
RE1,INDCOA,2040,0.0
RE1,INDCOA,2041,0.0
RE1,INDCOA,2042,0.0
RE1,INDCOA,2043,0.0
RE1,INDCOA,2044,0.0
RE1,INDCOA,2045,0.0
RE1,INDCOA,2046,0.0
RE1,INDCOA,2047,0.0
RE1,INDCOA,2048,0.0
RE1,INDCOA,2049,0.0
RE1,INDCOA,2050,0.0
RE1,INDDSL,2019,0.0
RE1,INDDSL,2020,0.0
RE1,INDDSL,2021,0.0
RE1,INDDSL,2022,0.0
RE1,INDDSL,2023,0.0
RE1,INDDSL,2024,0.0
RE1,INDDSL,2025,0.0
RE1,INDDSL,2026,0.0
RE1,INDDSL,2027,0.0
RE1,INDDSL,2028,0.0
RE1,INDDSL,2029,0.0
RE1,INDDSL,2030,0.0
RE1,INDDSL,2031,0.0
RE1,INDDSL,2032,0.0
RE1,INDDSL,2033,0.0
RE1,INDDSL,2034,0.0
RE1,INDDSL,2035,0.0
RE1,INDDSL,2036,0.0
RE1,INDDSL,2037,0.0
RE1,INDDSL,2038,0.0
RE1,INDDSL,2039,0.0
RE1,INDDSL,2040,0.0
RE1,INDDSL,2041,0.0
RE1,INDDSL,2042,0.0
RE1,INDDSL,2043,0.0
RE1,INDDSL,2044,0.0
RE1,INDDSL,2045,0.0
RE1,INDDSL,2046,0.0
RE1,INDDSL,2047,0.0
RE1,INDDSL,2048,0.0
RE1,INDDSL,2049,0.0
RE1,INDDSL,2050,0.0
RE1,INDHFO,2019,0.0
RE1,INDHFO,2020,0.0
RE1,INDHFO,2021,0.0
RE1,INDHFO,2022,0.0
RE1,INDHFO,2023,0.0
RE1,INDHFO,2024,0.0
RE1,INDHFO,2025,0.0
RE1,INDHFO,2026,0.0
RE1,INDHFO,2027,0.0
RE1,INDHFO,2028,0.0
RE1,INDHFO,2029,0.0
RE1,INDHFO,2030,0.0
RE1,INDHFO,2031,0.0
RE1,INDHFO,2032,0.0
RE1,INDHFO,2033,0.0
RE1,INDHFO,2034,0.0
RE1,INDHFO,2035,0.0
RE1,INDHFO,2036,0.0
RE1,INDHFO,2037,0.0
RE1,INDHFO,2038,0.0
RE1,INDHFO,2039,0.0
RE1,INDHFO,2040,0.0
RE1,INDHFO,2041,0.0
RE1,INDHFO,2042,0.0
RE1,INDHFO,2043,0.0
RE1,INDHFO,2044,0.0
RE1,INDHFO,2045,0.0
RE1,INDHFO,2046,0.0
RE1,INDHFO,2047,0.0
RE1,INDHFO,2048,0.0
RE1,INDHFO,2049,0.0
RE1,INDHFO,2050,0.0
RE1,INDKER,2019,0.0
RE1,INDKER,2020,0.0
RE1,INDKER,2021,0.0
RE1,INDKER,2022,0.0
RE1,INDKER,2023,0.0
RE1,INDKER,2024,0.0
RE1,INDKER,2025,0.0
RE1,INDKER,2026,0.0
RE1,INDKER,2027,0.0
RE1,INDKER,2028,0.0
RE1,INDKER,2029,0.0
RE1,INDKER,2030,0.0
RE1,INDKER,2031,0.0
RE1,INDKER,2032,0.0
RE1,INDKER,2033,0.0
RE1,INDKER,2034,0.0
RE1,INDKER,2035,0.0
RE1,INDKER,2036,0.0
RE1,INDKER,2037,0.0
RE1,INDKER,2038,0.0
RE1,INDKER,2039,0.0
RE1,INDKER,2040,0.0
RE1,INDKER,2041,0.0
RE1,INDKER,2042,0.0
RE1,INDKER,2043,0.0
RE1,INDKER,2044,0.0
RE1,INDKER,2045,0.0
RE1,INDKER,2046,0.0
RE1,INDKER,2047,0.0
RE1,INDKER,2048,0.0
RE1,INDKER,2049,0.0
RE1,INDKER,2050,0.0
RE1,INDLPG,2019,0.0
RE1,INDLPG,2020,0.0
RE1,INDLPG,2021,0.0
RE1,INDLPG,2022,0.0
RE1,INDLPG,2023,0.0
RE1,INDLPG,2024,0.0
RE1,INDLPG,2025,0.0
RE1,INDLPG,2026,0.0
RE1,INDLPG,2027,0.0
RE1,INDLPG,2028,0.0
RE1,INDLPG,2029,0.0
RE1,INDLPG,2030,0.0
RE1,INDLPG,2031,0.0
RE1,INDLPG,2032,0.0
RE1,INDLPG,2033,0.0
RE1,INDLPG,2034,0.0
RE1,INDLPG,2035,0.0
RE1,INDLPG,2036,0.0
RE1,INDLPG,2037,0.0
RE1,INDLPG,2038,0.0
RE1,INDLPG,2039,0.0
RE1,INDLPG,2040,0.0
RE1,INDLPG,2041,0.0
RE1,INDLPG,2042,0.0
RE1,INDLPG,2043,0.0
RE1,INDLPG,2044,0.0
RE1,INDLPG,2045,0.0
RE1,INDLPG,2046,0.0
RE1,INDLPG,2047,0.0
RE1,INDLPG,2048,0.0
RE1,INDLPG,2049,0.0
RE1,INDLPG,2050,0.0
RE1,JFL,2019,0.0
RE1,JFL,2020,0.0
RE1,JFL,2021,0.0
RE1,JFL,2022,0.0
RE1,JFL,2023,0.0
RE1,JFL,2024,0.0
RE1,JFL,2025,0.0
RE1,JFL,2026,0.0
RE1,JFL,2027,0.0
RE1,JFL,2028,0.0
RE1,JFL,2029,0.0
RE1,JFL,2030,0.0
RE1,JFL,2031,0.0
RE1,JFL,2032,0.0
RE1,JFL,2033,0.0
RE1,JFL,2034,0.0
RE1,JFL,2035,0.0
RE1,JFL,2036,0.0
RE1,JFL,2037,0.0
RE1,JFL,2038,0.0
RE1,JFL,2039,0.0
RE1,JFL,2040,0.0
RE1,JFL,2041,0.0
RE1,JFL,2042,0.0
RE1,JFL,2043,0.0
RE1,JFL,2044,0.0
RE1,JFL,2045,0.0
RE1,JFL,2046,0.0
RE1,JFL,2047,0.0
RE1,JFL,2048,0.0
RE1,JFL,2049,0.0
RE1,JFL,2050,0.0
RE1,KER,2019,0.0
RE1,KER,2020,0.0
RE1,KER,2021,0.0
RE1,KER,2022,0.0
RE1,KER,2023,0.0
RE1,KER,2024,0.0
RE1,KER,2025,0.0
RE1,KER,2026,0.0
RE1,KER,2027,0.0
RE1,KER,2028,0.0
RE1,KER,2029,0.0
RE1,KER,2030,0.0
RE1,KER,2031,0.0
RE1,KER,2032,0.0
RE1,KER,2033,0.0
RE1,KER,2034,0.0
RE1,KER,2035,0.0
RE1,KER,2036,0.0
RE1,KER,2037,0.0
RE1,KER,2038,0.0
RE1,KER,2039,0.0
RE1,KER,2040,0.0
RE1,KER,2041,0.0
RE1,KER,2042,0.0
RE1,KER,2043,0.0
RE1,KER,2044,0.0
RE1,KER,2045,0.0
RE1,KER,2046,0.0
RE1,KER,2047,0.0
RE1,KER,2048,0.0
RE1,KER,2049,0.0
RE1,KER,2050,0.0
RE1,LFOELD,2019,0.0
RE1,LFOELD,2020,0.0
RE1,LFOELD,2021,0.0
RE1,LFOELD,2022,0.0
RE1,LFOELD,2023,0.0
RE1,LFOELD,2024,0.0
RE1,LFOELD,2025,0.0
RE1,LFOELD,2026,0.0
RE1,LFOELD,2027,0.0
RE1,LFOELD,2028,0.0
RE1,LFOELD,2029,0.0
RE1,LFOELD,2030,0.0
RE1,LFOELD,2031,0.0
RE1,LFOELD,2032,0.0
RE1,LFOELD,2033,0.0
RE1,LFOELD,2034,0.0
RE1,LFOELD,2035,0.0
RE1,LFOELD,2036,0.0
RE1,LFOELD,2037,0.0
RE1,LFOELD,2038,0.0
RE1,LFOELD,2039,0.0
RE1,LFOELD,2040,0.0
RE1,LFOELD,2041,0.0
RE1,LFOELD,2042,0.0
RE1,LFOELD,2043,0.0
RE1,LFOELD,2044,0.0
RE1,LFOELD,2045,0.0
RE1,LFOELD,2046,0.0
RE1,LFOELD,2047,0.0
RE1,LFOELD,2048,0.0
RE1,LFOELD,2049,0.0
RE1,LFOELD,2050,0.0
RE1,LPG,2019,0.0
RE1,LPG,2020,0.0
RE1,LPG,2021,0.0
RE1,LPG,2022,0.0
RE1,LPG,2023,0.0
RE1,LPG,2024,0.0
RE1,LPG,2025,0.0
RE1,LPG,2026,0.0
RE1,LPG,2027,0.0
RE1,LPG,2028,0.0
RE1,LPG,2029,0.0
RE1,LPG,2030,0.0
RE1,LPG,2031,0.0
RE1,LPG,2032,0.0
RE1,LPG,2033,0.0
RE1,LPG,2034,0.0
RE1,LPG,2035,0.0
RE1,LPG,2036,0.0
RE1,LPG,2037,0.0
RE1,LPG,2038,0.0
RE1,LPG,2039,0.0
RE1,LPG,2040,0.0
RE1,LPG,2041,0.0
RE1,LPG,2042,0.0
RE1,LPG,2043,0.0
RE1,LPG,2044,0.0
RE1,LPG,2045,0.0
RE1,LPG,2046,0.0
RE1,LPG,2047,0.0
RE1,LPG,2048,0.0
RE1,LPG,2049,0.0
RE1,LPG,2050,0.0
RE1,NGS,2019,0.0
RE1,NGS,2020,0.0
RE1,NGS,2021,0.0
RE1,NGS,2022,0.0
RE1,NGS,2023,0.0
RE1,NGS,2024,0.0
RE1,NGS,2025,0.0
RE1,NGS,2026,0.0
RE1,NGS,2027,0.0
RE1,NGS,2028,0.0
RE1,NGS,2029,0.0
RE1,NGS,2030,0.0
RE1,NGS,2031,0.0
RE1,NGS,2032,0.0
RE1,NGS,2033,0.0
RE1,NGS,2034,0.0
RE1,NGS,2035,0.0
RE1,NGS,2036,0.0
RE1,NGS,2037,0.0
RE1,NGS,2038,0.0
RE1,NGS,2039,0.0
RE1,NGS,2040,0.0
RE1,NGS,2041,0.0
RE1,NGS,2042,0.0
RE1,NGS,2043,0.0
RE1,NGS,2044,0.0
RE1,NGS,2045,0.0
RE1,NGS,2046,0.0
RE1,NGS,2047,0.0
RE1,NGS,2048,0.0
RE1,NGS,2049,0.0
RE1,NGS,2050,0.0
RE1,OIL,2019,0.0
RE1,OIL,2020,0.0
RE1,OIL,2021,0.0
RE1,OIL,2022,0.0
RE1,OIL,2023,0.0
RE1,OIL,2024,0.0
RE1,OIL,2025,0.0
RE1,OIL,2026,0.0
RE1,OIL,2027,0.0
RE1,OIL,2028,0.0
RE1,OIL,2029,0.0
RE1,OIL,2030,0.0
RE1,OIL,2031,0.0
RE1,OIL,2032,0.0
RE1,OIL,2033,0.0
RE1,OIL,2034,0.0
RE1,OIL,2035,0.0
RE1,OIL,2036,0.0
RE1,OIL,2037,0.0
RE1,OIL,2038,0.0
RE1,OIL,2039,0.0
RE1,OIL,2040,0.0
RE1,OIL,2041,0.0
RE1,OIL,2042,0.0
RE1,OIL,2043,0.0
RE1,OIL,2044,0.0
RE1,OIL,2045,0.0
RE1,OIL,2046,0.0
RE1,OIL,2047,0.0
RE1,OIL,2048,0.0
RE1,OIL,2049,0.0
RE1,OIL,2050,0.0
RE1,RESBGS,2019,0.0
RE1,RESBGS,2020,0.0
RE1,RESBGS,2021,0.0
RE1,RESBGS,2022,0.0
RE1,RESBGS,2023,0.0
RE1,RESBGS,2024,0.0
RE1,RESBGS,2025,0.0
RE1,RESBGS,2026,0.0
RE1,RESBGS,2027,0.0
RE1,RESBGS,2028,0.0
RE1,RESBGS,2029,0.0
RE1,RESBGS,2030,0.0
RE1,RESBGS,2031,0.0
RE1,RESBGS,2032,0.0
RE1,RESBGS,2033,0.0
RE1,RESBGS,2034,0.0
RE1,RESBGS,2035,0.0
RE1,RESBGS,2036,0.0
RE1,RESBGS,2037,0.0
RE1,RESBGS,2038,0.0
RE1,RESBGS,2039,0.0
RE1,RESBGS,2040,0.0
RE1,RESBGS,2041,0.0
RE1,RESBGS,2042,0.0
RE1,RESBGS,2043,0.0
RE1,RESBGS,2044,0.0
RE1,RESBGS,2045,0.0
RE1,RESBGS,2046,0.0
RE1,RESBGS,2047,0.0
RE1,RESBGS,2048,0.0
RE1,RESBGS,2049,0.0
RE1,RESBGS,2050,0.0
RE1,RESBIO,2019,0.0
RE1,RESBIO,2020,0.0
RE1,RESBIO,2021,0.0
RE1,RESBIO,2022,0.0
RE1,RESBIO,2023,0.0
RE1,RESBIO,2024,0.0
RE1,RESBIO,2025,0.0
RE1,RESBIO,2026,0.0
RE1,RESBIO,2027,0.0
RE1,RESBIO,2028,0.0
RE1,RESBIO,2029,0.0
RE1,RESBIO,2030,0.0
RE1,RESBIO,2031,0.0
RE1,RESBIO,2032,0.0
RE1,RESBIO,2033,0.0
RE1,RESBIO,2034,0.0
RE1,RESBIO,2035,0.0
RE1,RESBIO,2036,0.0
RE1,RESBIO,2037,0.0
RE1,RESBIO,2038,0.0
RE1,RESBIO,2039,0.0
RE1,RESBIO,2040,0.0
RE1,RESBIO,2041,0.0
RE1,RESBIO,2042,0.0
RE1,RESBIO,2043,0.0
RE1,RESBIO,2044,0.0
RE1,RESBIO,2045,0.0
RE1,RESBIO,2046,0.0
RE1,RESBIO,2047,0.0
RE1,RESBIO,2048,0.0
RE1,RESBIO,2049,0.0
RE1,RESBIO,2050,0.0
RE1,RESCHC,2019,0.0
RE1,RESCHC,2020,0.0
RE1,RESCHC,2021,0.0
RE1,RESCHC,2022,0.0
RE1,RESCHC,2023,0.0
RE1,RESCHC,2024,0.0
RE1,RESCHC,2025,0.0
RE1,RESCHC,2026,0.0
RE1,RESCHC,2027,0.0
RE1,RESCHC,2028,0.0
RE1,RESCHC,2029,0.0
RE1,RESCHC,2030,0.0
RE1,RESCHC,2031,0.0
RE1,RESCHC,2032,0.0
RE1,RESCHC,2033,0.0
RE1,RESCHC,2034,0.0
RE1,RESCHC,2035,0.0
RE1,RESCHC,2036,0.0
RE1,RESCHC,2037,0.0
RE1,RESCHC,2038,0.0
RE1,RESCHC,2039,0.0
RE1,RESCHC,2040,0.0
RE1,RESCHC,2041,0.0
RE1,RESCHC,2042,0.0
RE1,RESCHC,2043,0.0
RE1,RESCHC,2044,0.0
RE1,RESCHC,2045,0.0
RE1,RESCHC,2046,0.0
RE1,RESCHC,2047,0.0
RE1,RESCHC,2048,0.0
RE1,RESCHC,2049,0.0
RE1,RESCHC,2050,0.0
RE1,RESETH,2019,0.0
RE1,RESETH,2020,0.0
RE1,RESETH,2021,0.0
RE1,RESETH,2022,0.0
RE1,RESETH,2023,0.0
RE1,RESETH,2024,0.0
RE1,RESETH,2025,0.0
RE1,RESETH,2026,0.0
RE1,RESETH,2027,0.0
RE1,RESETH,2028,0.0
RE1,RESETH,2029,0.0
RE1,RESETH,2030,0.0
RE1,RESETH,2031,0.0
RE1,RESETH,2032,0.0
RE1,RESETH,2033,0.0
RE1,RESETH,2034,0.0
RE1,RESETH,2035,0.0
RE1,RESETH,2036,0.0
RE1,RESETH,2037,0.0
RE1,RESETH,2038,0.0
RE1,RESETH,2039,0.0
RE1,RESETH,2040,0.0
RE1,RESETH,2041,0.0
RE1,RESETH,2042,0.0
RE1,RESETH,2043,0.0
RE1,RESETH,2044,0.0
RE1,RESETH,2045,0.0
RE1,RESETH,2046,0.0
RE1,RESETH,2047,0.0
RE1,RESETH,2048,0.0
RE1,RESETH,2049,0.0
RE1,RESETH,2050,0.0
RE1,RESKER,2019,0.0
RE1,RESKER,2020,0.0
RE1,RESKER,2021,0.0
RE1,RESKER,2022,0.0
RE1,RESKER,2023,0.0
RE1,RESKER,2024,0.0
RE1,RESKER,2025,0.0
RE1,RESKER,2026,0.0
RE1,RESKER,2027,0.0
RE1,RESKER,2028,0.0
RE1,RESKER,2029,0.0
RE1,RESKER,2030,0.0
RE1,RESKER,2031,0.0
RE1,RESKER,2032,0.0
RE1,RESKER,2033,0.0
RE1,RESKER,2034,0.0
RE1,RESKER,2035,0.0
RE1,RESKER,2036,0.0
RE1,RESKER,2037,0.0
RE1,RESKER,2038,0.0
RE1,RESKER,2039,0.0
RE1,RESKER,2040,0.0
RE1,RESKER,2041,0.0
RE1,RESKER,2042,0.0
RE1,RESKER,2043,0.0
RE1,RESKER,2044,0.0
RE1,RESKER,2045,0.0
RE1,RESKER,2046,0.0
RE1,RESKER,2047,0.0
RE1,RESKER,2048,0.0
RE1,RESKER,2049,0.0
RE1,RESKER,2050,0.0
RE1,RESLPG,2019,0.0
RE1,RESLPG,2020,0.0
RE1,RESLPG,2021,0.0
RE1,RESLPG,2022,0.0
RE1,RESLPG,2023,0.0
RE1,RESLPG,2024,0.0
RE1,RESLPG,2025,0.0
RE1,RESLPG,2026,0.0
RE1,RESLPG,2027,0.0
RE1,RESLPG,2028,0.0
RE1,RESLPG,2029,0.0
RE1,RESLPG,2030,0.0
RE1,RESLPG,2031,0.0
RE1,RESLPG,2032,0.0
RE1,RESLPG,2033,0.0
RE1,RESLPG,2034,0.0
RE1,RESLPG,2035,0.0
RE1,RESLPG,2036,0.0
RE1,RESLPG,2037,0.0
RE1,RESLPG,2038,0.0
RE1,RESLPG,2039,0.0
RE1,RESLPG,2040,0.0
RE1,RESLPG,2041,0.0
RE1,RESLPG,2042,0.0
RE1,RESLPG,2043,0.0
RE1,RESLPG,2044,0.0
RE1,RESLPG,2045,0.0
RE1,RESLPG,2046,0.0
RE1,RESLPG,2047,0.0
RE1,RESLPG,2048,0.0
RE1,RESLPG,2049,0.0
RE1,RESLPG,2050,0.0
RE1,SOL,2019,0.0
RE1,SOL,2020,0.0
RE1,SOL,2021,0.0
RE1,SOL,2022,0.0
RE1,SOL,2023,0.0
RE1,SOL,2024,0.0
RE1,SOL,2025,0.0
RE1,SOL,2026,0.0
RE1,SOL,2027,0.0
RE1,SOL,2028,0.0
RE1,SOL,2029,0.0
RE1,SOL,2030,0.0
RE1,SOL,2031,0.0
RE1,SOL,2032,0.0
RE1,SOL,2033,0.0
RE1,SOL,2034,0.0
RE1,SOL,2035,0.0
RE1,SOL,2036,0.0
RE1,SOL,2037,0.0
RE1,SOL,2038,0.0
RE1,SOL,2039,0.0
RE1,SOL,2040,0.0
RE1,SOL,2041,0.0
RE1,SOL,2042,0.0
RE1,SOL,2043,0.0
RE1,SOL,2044,0.0
RE1,SOL,2045,0.0
RE1,SOL,2046,0.0
RE1,SOL,2047,0.0
RE1,SOL,2048,0.0
RE1,SOL,2049,0.0
RE1,SOL,2050,0.0
RE1,TRADSL,2019,0.0
RE1,TRADSL,2020,0.0
RE1,TRADSL,2021,0.0
RE1,TRADSL,2022,0.0
RE1,TRADSL,2023,0.0
RE1,TRADSL,2024,0.0
RE1,TRADSL,2025,0.0
RE1,TRADSL,2026,0.0
RE1,TRADSL,2027,0.0
RE1,TRADSL,2028,0.0
RE1,TRADSL,2029,0.0
RE1,TRADSL,2030,0.0
RE1,TRADSL,2031,0.0
RE1,TRADSL,2032,0.0
RE1,TRADSL,2033,0.0
RE1,TRADSL,2034,0.0
RE1,TRADSL,2035,0.0
RE1,TRADSL,2036,0.0
RE1,TRADSL,2037,0.0
RE1,TRADSL,2038,0.0
RE1,TRADSL,2039,0.0
RE1,TRADSL,2040,0.0
RE1,TRADSL,2041,0.0
RE1,TRADSL,2042,0.0
RE1,TRADSL,2043,0.0
RE1,TRADSL,2044,0.0
RE1,TRADSL,2045,0.0
RE1,TRADSL,2046,0.0
RE1,TRADSL,2047,0.0
RE1,TRADSL,2048,0.0
RE1,TRADSL,2049,0.0
RE1,TRADSL,2050,0.0
RE1,TRAELC,2019,0.0
RE1,TRAELC,2020,0.0
RE1,TRAELC,2021,0.0
RE1,TRAELC,2022,0.0
RE1,TRAELC,2023,0.0
RE1,TRAELC,2024,0.0
RE1,TRAELC,2025,0.0
RE1,TRAELC,2026,0.0
RE1,TRAELC,2027,0.0
RE1,TRAELC,2028,0.0
RE1,TRAELC,2029,0.0
RE1,TRAELC,2030,0.0
RE1,TRAELC,2031,0.0
RE1,TRAELC,2032,0.0
RE1,TRAELC,2033,0.0
RE1,TRAELC,2034,0.0
RE1,TRAELC,2035,0.0
RE1,TRAELC,2036,0.0
RE1,TRAELC,2037,0.0
RE1,TRAELC,2038,0.0
RE1,TRAELC,2039,0.0
RE1,TRAELC,2040,0.0
RE1,TRAELC,2041,0.0
RE1,TRAELC,2042,0.0
RE1,TRAELC,2043,0.0
RE1,TRAELC,2044,0.0
RE1,TRAELC,2045,0.0
RE1,TRAELC,2046,0.0
RE1,TRAELC,2047,0.0
RE1,TRAELC,2048,0.0
RE1,TRAELC,2049,0.0
RE1,TRAELC,2050,0.0
RE1,TRAGSL,2019,0.0
RE1,TRAGSL,2020,0.0
RE1,TRAGSL,2021,0.0
RE1,TRAGSL,2022,0.0
RE1,TRAGSL,2023,0.0
RE1,TRAGSL,2024,0.0
RE1,TRAGSL,2025,0.0
RE1,TRAGSL,2026,0.0
RE1,TRAGSL,2027,0.0
RE1,TRAGSL,2028,0.0
RE1,TRAGSL,2029,0.0
RE1,TRAGSL,2030,0.0
RE1,TRAGSL,2031,0.0
RE1,TRAGSL,2032,0.0
RE1,TRAGSL,2033,0.0
RE1,TRAGSL,2034,0.0
RE1,TRAGSL,2035,0.0
RE1,TRAGSL,2036,0.0
RE1,TRAGSL,2037,0.0
RE1,TRAGSL,2038,0.0
RE1,TRAGSL,2039,0.0
RE1,TRAGSL,2040,0.0
RE1,TRAGSL,2041,0.0
RE1,TRAGSL,2042,0.0
RE1,TRAGSL,2043,0.0
RE1,TRAGSL,2044,0.0
RE1,TRAGSL,2045,0.0
RE1,TRAGSL,2046,0.0
RE1,TRAGSL,2047,0.0
RE1,TRAGSL,2048,0.0
RE1,TRAGSL,2049,0.0
RE1,TRAGSL,2050,0.0
RE1,TRAHFO,2019,0.0
RE1,TRAHFO,2020,0.0
RE1,TRAHFO,2021,0.0
RE1,TRAHFO,2022,0.0
RE1,TRAHFO,2023,0.0
RE1,TRAHFO,2024,0.0
RE1,TRAHFO,2025,0.0
RE1,TRAHFO,2026,0.0
RE1,TRAHFO,2027,0.0
RE1,TRAHFO,2028,0.0
RE1,TRAHFO,2029,0.0
RE1,TRAHFO,2030,0.0
RE1,TRAHFO,2031,0.0
RE1,TRAHFO,2032,0.0
RE1,TRAHFO,2033,0.0
RE1,TRAHFO,2034,0.0
RE1,TRAHFO,2035,0.0
RE1,TRAHFO,2036,0.0
RE1,TRAHFO,2037,0.0
RE1,TRAHFO,2038,0.0
RE1,TRAHFO,2039,0.0
RE1,TRAHFO,2040,0.0
RE1,TRAHFO,2041,0.0
RE1,TRAHFO,2042,0.0
RE1,TRAHFO,2043,0.0
RE1,TRAHFO,2044,0.0
RE1,TRAHFO,2045,0.0
RE1,TRAHFO,2046,0.0
RE1,TRAHFO,2047,0.0
RE1,TRAHFO,2048,0.0
RE1,TRAHFO,2049,0.0
RE1,TRAHFO,2050,0.0
RE1,TRAJFL,2019,0.0
RE1,TRAJFL,2020,0.0
RE1,TRAJFL,2021,0.0
RE1,TRAJFL,2022,0.0
RE1,TRAJFL,2023,0.0
RE1,TRAJFL,2024,0.0
RE1,TRAJFL,2025,0.0
RE1,TRAJFL,2026,0.0
RE1,TRAJFL,2027,0.0
RE1,TRAJFL,2028,0.0
RE1,TRAJFL,2029,0.0
RE1,TRAJFL,2030,0.0
RE1,TRAJFL,2031,0.0
RE1,TRAJFL,2032,0.0
RE1,TRAJFL,2033,0.0
RE1,TRAJFL,2034,0.0
RE1,TRAJFL,2035,0.0
RE1,TRAJFL,2036,0.0
RE1,TRAJFL,2037,0.0
RE1,TRAJFL,2038,0.0
RE1,TRAJFL,2039,0.0
RE1,TRAJFL,2040,0.0
RE1,TRAJFL,2041,0.0
RE1,TRAJFL,2042,0.0
RE1,TRAJFL,2043,0.0
RE1,TRAJFL,2044,0.0
RE1,TRAJFL,2045,0.0
RE1,TRAJFL,2046,0.0
RE1,TRAJFL,2047,0.0
RE1,TRAJFL,2048,0.0
RE1,TRAJFL,2049,0.0
RE1,TRAJFL,2050,0.0
RE1,URN,2019,0.0
RE1,URN,2020,0.0
RE1,URN,2021,0.0
RE1,URN,2022,0.0
RE1,URN,2023,0.0
RE1,URN,2024,0.0
RE1,URN,2025,0.0
RE1,URN,2026,0.0
RE1,URN,2027,0.0
RE1,URN,2028,0.0
RE1,URN,2029,0.0
RE1,URN,2030,0.0
RE1,URN,2031,0.0
RE1,URN,2032,0.0
RE1,URN,2033,0.0
RE1,URN,2034,0.0
RE1,URN,2035,0.0
RE1,URN,2036,0.0
RE1,URN,2037,0.0
RE1,URN,2038,0.0
RE1,URN,2039,0.0
RE1,URN,2040,0.0
RE1,URN,2041,0.0
RE1,URN,2042,0.0
RE1,URN,2043,0.0
RE1,URN,2044,0.0
RE1,URN,2045,0.0
RE1,URN,2046,0.0
RE1,URN,2047,0.0
RE1,URN,2048,0.0
RE1,URN,2049,0.0
RE1,URN,2050,0.0
RE1,WND,2019,0.0
RE1,WND,2020,0.0
RE1,WND,2021,0.0
RE1,WND,2022,0.0
RE1,WND,2023,0.0
RE1,WND,2024,0.0
RE1,WND,2025,0.0
RE1,WND,2026,0.0
RE1,WND,2027,0.0
RE1,WND,2028,0.0
RE1,WND,2029,0.0
RE1,WND,2030,0.0
RE1,WND,2031,0.0
RE1,WND,2032,0.0
RE1,WND,2033,0.0
RE1,WND,2034,0.0
RE1,WND,2035,0.0
RE1,WND,2036,0.0
RE1,WND,2037,0.0
RE1,WND,2038,0.0
RE1,WND,2039,0.0
RE1,WND,2040,0.0
RE1,WND,2041,0.0
RE1,WND,2042,0.0
RE1,WND,2043,0.0
RE1,WND,2044,0.0
RE1,WND,2045,0.0
RE1,WND,2046,0.0
RE1,WND,2047,0.0
RE1,WND,2048,0.0
RE1,WND,2049,0.0
RE1,WND,2050,0.0
RE1,DEMTTR,2019,0.0
RE1,DEMTTR,2020,0.0
RE1,DEMTTR,2021,0.0
RE1,DEMTTR,2022,0.0
RE1,DEMTTR,2023,0.0
RE1,DEMTTR,2024,0.0
RE1,DEMTTR,2025,0.0
RE1,DEMTTR,2026,0.0
RE1,DEMTTR,2027,0.0
RE1,DEMTTR,2028,0.0
RE1,DEMTTR,2029,0.0
RE1,DEMTTR,2030,0.0
RE1,DEMTTR,2031,0.0
RE1,DEMTTR,2032,0.0
RE1,DEMTTR,2033,0.0
RE1,DEMTTR,2034,0.0
RE1,DEMTTR,2035,0.0
RE1,DEMTTR,2036,0.0
RE1,DEMTTR,2037,0.0
RE1,DEMTTR,2038,0.0
RE1,DEMTTR,2039,0.0
RE1,DEMTTR,2040,0.0
RE1,DEMTTR,2041,0.0
RE1,DEMTTR,2042,0.0
RE1,DEMTTR,2043,0.0
RE1,DEMTTR,2044,0.0
RE1,DEMTTR,2045,0.0
RE1,DEMTTR,2046,0.0
RE1,DEMTTR,2047,0.0
RE1,DEMTTR,2048,0.0
RE1,DEMTTR,2049,0.0
RE1,DEMTTR,2050,0.0
